COLLEGE_ID,PROGRAM,TUTION_FEE,SCHOLARSHIP_AVAL,PROGRAM_DURATION,COUNTRY,LIVING_COST,ALUMINI_NETWORK,GATE_SCORE,GRE_SCORE,TOEFL_SCORE,IELTS_SCORE,GMAT_SCORE,SAT_SCORE,CGPA,DEGREE,MAJOR,ACHIVEMENT,PROJECTS,N_PAPERS
college_1,8,50605,0,2,3,17068,1,49,290,63,7,332,1534,3.3154774993126006,1,101,3,0,0
college_2,3,53250,1,3,3,15236,1,21,272,108,6,200,538,3.7579961463002496,1,190,2,7,0
college_3,1,26969,0,4,1,13840,3,38,285,83,8,332,716,2.049879804090893,0,129,2,9,1
college_4,8,30964,0,3,2,16674,2,38,290,94,5,744,791,3.8359770378079565,1,161,3,7,1
college_5,7,51161,0,1,1,7275,1,41,284,86,5,685,647,3.562209119641417,1,153,0,5,1
college_6,6,29182,0,3,5,19814,3,31,288,83,6,546,620,2.331601485611625,1,127,2,6,2
college_7,9,36832,0,1,2,14338,3,35,322,69,5,331,735,2.42668652581005,1,154,4,0,0
college_8,5,22189,1,4,1,8889,2,96,320,107,7,261,1447,3.3826227550539363,1,196,3,7,1
college_9,1,35681,0,2,5,15378,2,23,283,117,8,237,859,2.4121215164151453,1,136,3,2,3
college_10,2,52357,0,4,3,8803,4,95,271,75,7,226,536,2.503998333454116,0,142,4,8,2
college_11,5,51368,0,2,5,5465,4,30,281,92,7,263,525,3.531548412042829,1,121,1,6,3
college_12,3,28521,1,4,5,14179,4,45,314,66,7,566,634,3.610241643972694,0,182,0,4,1
college_13,9,23337,1,3,3,14325,1,11,269,109,5,434,587,3.0404250487082436,0,119,0,8,4
college_14,4,34582,1,1,4,18630,2,59,298,115,7,368,544,3.9319793025866296,0,104,1,3,3
college_15,7,24010,1,2,2,11360,4,87,293,94,5,247,625,3.0818524250863826,1,118,3,4,3
college_16,7,31615,0,1,2,17118,1,71,311,93,5,797,431,3.7550678040780565,0,179,0,3,2
college_17,1,59556,0,4,3,10002,2,54,272,118,5,204,761,3.0058320947799926,1,148,4,7,2
college_18,2,31563,0,4,2,7207,2,67,292,71,7,225,1086,2.5156785974816693,0,161,1,8,2
college_19,6,57213,1,2,1,13453,1,48,267,60,5,542,1339,3.0851771187844537,0,126,2,6,3
college_20,6,25574,0,4,5,14802,4,78,314,107,7,257,958,3.4773910191580826,0,134,3,3,1
college_21,9,50323,1,4,4,9938,2,23,338,62,5,264,861,3.6328997517213577,0,101,2,1,0
college_22,6,23589,0,2,2,6061,1,45,325,112,8,398,1183,3.6788440240485967,0,158,1,6,4
college_23,7,54353,0,1,3,6426,4,27,268,62,7,242,1297,2.036373097180072,1,172,4,5,1
college_24,2,26549,0,2,3,16828,2,87,334,96,6,337,1133,2.364798168653258,1,198,3,7,4
college_25,6,20098,0,1,4,17878,3,29,321,95,8,357,732,3.8787920554291317,1,165,2,2,0
college_26,3,36813,0,4,1,15531,3,34,304,110,8,306,1300,3.129442014067899,0,157,2,1,2
college_27,7,57085,1,4,4,12194,3,98,278,101,8,490,766,3.210499202958438,0,148,4,9,2
college_28,8,46312,0,2,5,9372,1,28,304,68,5,754,1097,3.40421772470756,1,105,4,7,3
college_29,2,57252,0,1,5,13557,2,63,327,61,5,461,1161,3.0199210078193754,0,138,1,5,0
college_30,5,55356,0,3,5,10020,1,39,270,100,5,789,1222,2.474943048046963,0,105,0,5,3
college_31,1,31476,0,3,3,17984,1,68,299,89,6,726,1393,2.468174402659205,0,173,1,7,1
college_32,5,26236,0,2,3,14876,4,82,309,119,6,363,614,3.9424649666802933,0,167,0,6,3
college_33,3,33314,0,2,5,5456,2,6,271,118,7,234,849,3.4001015950953066,0,157,3,1,4
college_34,7,54594,0,4,2,18718,1,89,296,106,5,784,1110,3.158146870012001,0,147,0,3,2
college_35,4,39852,0,3,1,6169,1,46,285,118,5,739,1285,3.287307447583874,0,192,2,6,4
college_36,7,51430,0,1,4,15841,2,38,267,92,6,284,1377,3.5243942844200093,1,163,4,0,3
college_37,5,41989,0,1,2,5929,3,70,337,91,5,384,1101,3.4671880148829572,0,197,4,0,0
college_38,6,28716,1,1,4,15200,2,7,320,108,5,279,1020,2.8689158290682073,1,198,1,3,3
college_39,2,46161,1,4,4,12560,3,6,335,112,5,699,1324,2.250519700182438,1,192,3,6,1
college_40,6,36058,1,3,4,13810,1,87,326,85,5,709,1067,2.685748134412895,1,172,3,6,1
college_41,3,36881,1,3,1,19872,1,8,279,84,5,376,725,2.6867468238929146,1,147,4,3,2
college_42,5,53631,1,4,5,10362,3,92,324,80,7,390,1291,3.658515447033442,0,150,3,0,2
college_43,3,40949,0,4,3,16840,4,25,325,102,7,608,1019,2.6159330897262865,0,157,4,8,3
college_44,9,25020,0,2,1,8766,1,67,283,61,6,780,852,3.1341860738435443,1,165,2,2,3
college_45,9,50613,1,1,5,15929,4,65,307,111,5,595,479,2.774310467931752,1,193,1,2,0
college_46,5,37823,0,1,3,19326,1,34,275,64,5,351,1069,3.628378258440443,1,188,1,2,1
college_47,2,44939,0,4,2,16996,1,80,319,81,7,614,1300,2.1812874957296193,1,188,3,7,4
college_48,9,59590,0,1,1,11737,3,16,321,96,7,293,1543,3.2482038965498417,0,133,2,0,0
college_49,3,41131,0,2,1,18631,4,13,291,86,6,459,1172,3.353237985630507,1,111,0,4,3
college_50,6,58458,1,3,3,11424,3,43,289,82,5,612,1103,2.2845191499076174,0,118,1,9,2
college_51,9,47813,0,2,1,8806,2,33,291,70,6,311,1497,2.5245689978487444,1,101,1,1,4
college_52,2,22777,0,3,2,18660,4,46,310,97,8,274,1423,2.5795632700816657,0,147,2,7,3
college_53,3,32737,1,1,1,12687,1,45,274,71,5,648,616,3.282333109516741,1,140,1,6,2
college_54,2,31958,0,2,5,7692,2,34,324,69,8,273,1585,3.439191690441591,0,146,0,8,3
college_55,3,47729,1,4,2,6859,1,51,292,112,5,258,1057,3.910650827953644,0,113,2,3,2
college_56,5,46850,0,2,4,14579,1,97,272,119,8,420,598,3.566507867730328,0,142,2,4,2
college_57,6,44403,0,2,3,12414,4,6,294,82,8,430,1379,3.1930972111478253,1,126,2,4,3
college_58,1,43350,0,3,4,9224,1,36,315,92,5,541,1015,3.647076555857965,0,132,0,5,2
college_59,9,39551,0,3,4,9878,4,23,265,68,7,467,1415,2.9213768832139504,0,188,4,2,3
college_60,2,34051,1,2,2,8876,1,11,333,71,7,333,1337,2.701834486418459,1,111,2,2,1
college_61,8,29817,1,1,1,5577,3,60,285,85,5,508,721,3.911603546325386,1,125,2,9,2
college_62,2,39813,1,2,1,8182,4,20,295,80,7,344,1355,2.169744638381821,1,153,2,6,2
college_63,9,55643,0,2,3,6176,3,45,334,92,6,658,441,3.871014483221308,1,149,0,3,2
college_64,8,33713,1,1,1,15315,3,55,334,91,8,566,549,3.1775325053709658,1,144,1,8,3
college_65,9,58262,1,2,2,19424,3,50,280,79,7,308,1071,3.201922648537674,0,134,1,9,4
college_66,3,40798,0,3,1,16857,3,6,276,109,6,587,1465,2.3178370047681227,1,152,0,9,2
college_67,4,54966,0,1,3,16301,3,51,264,101,8,409,1257,3.7613623124128264,1,144,0,4,2
college_68,5,59333,0,3,3,9918,2,25,299,89,5,510,1204,3.4472529418745763,1,132,4,3,4
college_69,9,41708,0,1,1,16001,2,48,283,71,7,532,1564,2.6243998619701276,1,106,1,0,4
college_70,2,59169,0,2,4,13748,3,17,270,98,6,496,830,3.0206837918590326,1,189,2,0,0
college_71,7,25023,0,3,3,18354,2,91,290,72,6,734,1568,3.746619039124049,0,199,1,5,2
college_72,1,29986,0,4,5,19477,2,73,260,106,7,545,1311,3.530850864021602,0,119,0,7,4
college_73,3,56200,1,1,5,8176,4,32,277,104,7,549,1355,2.0179820848271244,1,119,2,6,4
college_74,5,51510,0,1,2,17634,3,37,311,108,5,594,1346,2.5630320041740204,1,104,0,2,3
college_75,4,27202,1,1,3,18534,2,25,265,63,8,476,1569,2.591947719931123,1,195,1,3,2
college_76,7,41733,1,2,3,9632,4,91,333,116,6,396,823,3.8564850209548234,0,147,3,0,1
college_77,5,30665,1,3,5,12336,4,31,276,65,6,595,642,2.3564383667727786,0,195,1,8,1
college_78,3,50979,0,1,1,16957,3,4,311,97,6,307,834,2.9426917076835064,0,128,0,4,1
college_79,9,56563,0,3,5,7612,1,97,323,83,8,375,1192,3.380816966221094,1,163,4,3,4
college_80,2,59106,1,4,3,10789,2,4,275,74,6,428,509,2.802090820488977,1,174,4,3,0
college_81,8,56111,0,4,4,5043,4,73,310,105,7,786,507,2.9917506038855626,1,107,4,5,4
college_82,8,51219,1,2,3,10017,2,41,264,118,8,242,1388,3.0952401740935187,1,148,2,0,1
college_83,2,21243,0,2,1,18481,1,56,262,80,6,346,1479,2.663257265308459,1,127,1,8,2
college_84,3,27517,1,4,1,8848,1,50,298,113,5,294,1567,3.0893629118034758,0,170,3,9,3
college_85,2,55910,0,2,4,17607,2,4,278,92,6,316,1086,2.406357886135875,1,163,1,4,0
college_86,7,55504,1,1,1,5232,4,37,326,78,8,207,1046,3.0894804917857486,0,195,4,7,0
college_87,7,49769,1,4,1,17978,1,25,322,114,5,482,1510,3.40983356497605,0,142,0,6,4
college_88,8,29757,1,3,2,15942,3,22,261,68,5,557,1214,2.7707385564043117,0,110,1,1,0
college_89,2,38681,1,4,1,16908,1,41,311,88,8,297,793,2.1831451527142676,0,176,1,1,3
college_90,2,50338,0,1,4,8140,3,15,296,119,8,699,1028,3.4246450414826457,0,167,3,0,1
college_91,7,28276,1,4,1,13733,4,29,307,104,5,683,815,3.9198399251592724,0,156,4,9,3
college_92,8,51081,0,2,2,19623,2,83,322,64,7,639,1198,2.222826060114704,1,103,1,6,2
college_93,6,53785,0,1,5,10382,3,0,283,90,7,766,1311,2.570418356578672,0,102,4,2,4
college_94,4,38059,0,1,3,8963,2,22,337,63,7,530,500,2.26710217783052,0,175,0,6,1
college_95,8,48922,1,4,2,19032,1,35,335,91,6,548,755,2.5097903202275536,1,118,3,0,1
college_96,1,25840,1,1,4,12143,2,44,293,90,7,422,1249,2.537349571814782,1,168,3,1,1
college_97,6,58919,1,3,2,19110,1,86,292,96,8,624,1320,2.354860776192965,0,165,2,3,4
college_98,8,54628,1,1,5,12273,4,67,328,113,8,504,1457,3.648296312668185,1,148,4,5,0
college_99,8,36262,0,4,2,9461,2,16,284,85,8,479,424,2.9447795745731744,0,147,2,7,3
college_100,7,23201,0,1,3,19958,3,15,264,63,8,468,865,3.525222642144888,1,164,1,2,0
college_101,3,46475,0,1,5,13757,1,64,270,109,5,682,1111,3.5270796257398747,0,170,2,1,2
college_102,7,31869,1,3,2,10091,4,89,296,84,8,769,1355,2.7500281187551203,1,166,2,0,4
college_103,8,37525,0,1,4,7150,4,20,309,110,5,366,1270,3.2106951889718287,1,172,4,4,1
college_104,5,54096,1,4,3,5834,3,23,313,92,8,411,453,3.816582678632109,0,190,4,8,4
college_105,6,47560,1,2,4,13183,1,72,296,91,6,442,649,3.2297309658299964,1,155,1,3,0
college_106,9,56417,1,1,1,5032,3,65,329,76,7,581,1491,3.010017657435124,0,155,3,0,1
college_107,1,48376,0,3,2,14430,3,16,296,95,7,202,576,3.980352549888184,0,198,4,7,3
college_108,3,22774,0,1,2,7464,4,47,276,68,8,206,1548,2.1264131237956905,1,141,2,4,3
college_109,6,54430,0,2,5,19571,4,29,286,66,5,726,720,3.3959551690873777,1,195,3,9,0
college_110,8,43837,0,2,2,9237,1,97,302,79,5,411,412,2.311261255474016,1,116,3,5,4
college_111,9,27225,0,2,5,17284,2,5,307,88,8,338,1439,3.565966696984859,1,101,4,3,1
college_112,3,24672,1,3,3,19823,3,21,321,72,8,376,973,3.324473906475412,0,166,3,1,4
college_113,5,32518,1,4,1,9032,2,44,273,68,8,464,1198,2.8610579367445164,0,189,0,0,2
college_114,7,57817,1,1,5,14557,1,11,336,68,6,688,1102,3.739533006392957,1,186,2,1,0
college_115,7,56152,1,4,3,8018,4,67,278,74,8,564,1416,2.0275194476769105,1,170,0,5,4
college_116,5,31606,0,1,4,15030,3,24,301,71,8,468,458,3.231278268155772,0,108,0,2,2
college_117,8,29770,0,4,1,15552,3,43,281,81,7,208,480,2.136396072138897,1,159,2,9,4
college_118,4,58725,0,2,1,17570,3,71,328,82,6,607,1287,2.019710321300556,0,128,4,8,0
college_119,2,27308,0,3,2,7833,2,36,304,64,6,433,565,3.1680697836620526,1,198,1,3,4
college_120,3,25947,0,3,4,17105,1,51,279,110,7,700,595,3.221542906671549,0,152,2,8,0
college_121,7,48075,0,2,4,5184,2,4,269,76,7,438,656,3.810436962658696,0,189,4,7,1
college_122,4,51875,1,4,1,13069,3,71,265,71,6,605,762,3.7529237421770514,1,174,2,9,2
college_123,3,59363,0,3,5,15697,3,69,326,73,5,633,1185,2.157122849651867,0,174,3,1,4
college_124,7,22162,0,4,2,7340,2,29,334,73,7,528,1034,2.337424830735217,1,136,4,9,3
college_125,3,27072,1,1,2,16234,3,68,282,75,8,228,1302,3.5418658598285235,1,109,1,3,1
college_126,9,33116,0,1,2,13362,4,62,335,103,7,477,886,2.194446840135331,0,159,4,6,1
college_127,9,46042,0,4,5,18349,2,32,292,64,6,200,606,3.6821709297375995,0,125,3,4,2
college_128,8,55937,1,4,1,19917,4,17,298,113,5,670,1252,2.5312491157672916,0,199,4,2,3
college_129,2,56866,1,4,1,7902,2,79,318,101,5,474,1591,2.4041609051276494,1,193,2,7,2
college_130,1,33263,0,1,2,18399,2,6,335,112,7,663,1519,3.80159689130824,0,134,1,5,2
college_131,4,55325,1,4,4,7411,2,15,334,107,6,261,616,2.4541197721782977,1,190,4,1,0
college_132,4,37595,0,4,4,16130,1,29,336,75,8,597,743,3.434669847418693,0,144,3,4,4
college_133,1,52899,1,2,3,5255,4,34,285,73,5,783,539,3.744480046205151,1,103,4,0,0
college_134,1,46252,1,4,5,17244,3,93,262,77,8,634,1521,2.622209320792325,0,163,0,6,1
college_135,7,38500,0,2,3,19243,4,91,262,108,6,329,524,2.344484580366875,1,168,0,3,2
college_136,2,42976,1,3,1,15744,4,64,333,89,7,488,967,3.8346392259364563,1,103,3,6,0
college_137,2,23898,1,4,1,15607,4,40,301,70,8,288,497,2.319487190835635,0,155,1,9,1
college_138,7,23699,1,4,2,18592,4,69,260,66,5,288,1474,2.840378196498869,0,183,4,5,2
college_139,2,57159,0,4,2,17479,3,77,289,99,7,392,1352,3.5512195935300976,1,150,3,4,1
college_140,5,35313,1,4,3,9351,1,53,283,91,8,765,1184,3.395035797802656,1,174,4,1,0
college_141,1,20619,1,1,4,10056,4,46,264,96,7,323,443,2.9852874135406795,1,178,1,0,4
college_142,1,35315,0,3,4,8561,1,25,338,95,7,217,959,3.275813343402203,0,155,4,4,2
college_143,9,36668,0,4,2,10972,4,56,290,106,7,321,1146,2.98870829348751,0,165,0,6,0
college_144,1,51583,1,2,3,12518,2,33,303,103,7,525,1378,2.151604463321556,0,141,2,2,4
college_145,5,54653,1,1,2,11660,1,60,335,78,5,617,748,3.741922911154547,0,110,1,4,2
college_146,2,52504,0,2,2,14993,4,67,280,104,5,697,534,3.9347743111781366,0,144,1,6,2
college_147,6,51858,1,4,5,16361,3,0,332,60,5,603,610,2.059751833680046,0,194,2,5,4
college_148,2,50532,0,1,4,7710,2,81,260,75,8,288,1150,2.6691687639188215,0,128,1,2,3
college_149,9,31985,1,1,5,10492,4,75,309,116,8,711,1025,3.4060243686839273,1,154,3,0,0
college_150,4,59666,1,4,4,15217,2,15,280,118,6,403,692,2.52044098816077,0,184,0,7,3
college_151,7,38515,1,1,4,17253,2,61,272,81,5,538,1230,2.9020775000500825,0,149,2,1,3
college_152,3,36014,1,2,1,11356,2,95,266,101,5,315,1566,3.78644387790804,0,104,1,3,1
college_153,8,23630,1,2,3,19962,4,23,270,86,7,375,854,2.0488054927465393,0,162,1,2,1
college_154,2,39891,1,3,2,15820,2,11,294,95,5,284,1576,2.6096410861139474,0,111,1,2,4
college_155,6,22738,1,3,4,15020,4,51,306,85,5,451,999,2.376977922214773,0,177,1,0,2
college_156,1,21941,1,1,3,15816,4,66,277,79,5,270,604,2.046826656920925,1,137,1,7,1
college_157,9,50521,1,3,4,12249,3,48,309,78,6,505,1306,2.9934039228015275,1,101,2,8,3
college_158,2,25370,1,2,3,11589,1,34,330,62,8,625,1488,2.443826827117495,0,129,3,6,3
college_159,6,57710,1,1,2,10634,2,85,266,70,8,304,1204,2.3477297860899125,0,105,1,4,4
college_160,8,26653,0,4,2,11797,1,88,306,98,8,643,1001,2.703247622472875,0,153,1,2,3
college_161,8,57581,0,1,4,9912,2,77,266,100,5,787,455,2.8929634567509215,1,163,3,1,3
college_162,8,30609,1,1,1,5041,2,39,303,77,8,200,1579,3.40110866925911,1,122,4,1,0
college_163,1,48615,0,3,4,18128,2,41,326,82,6,594,810,2.281824445259013,1,104,1,3,4
college_164,7,22072,0,3,2,13374,2,83,334,109,6,510,1248,2.4610241218063775,1,126,1,6,3
college_165,7,54918,0,3,2,16242,3,14,298,117,5,252,952,3.010199773874268,0,173,4,6,2
college_166,3,24297,0,1,3,13444,4,25,301,100,8,266,1198,2.9271482897486907,0,198,0,4,3
college_167,7,45319,0,4,4,12168,2,35,338,62,5,608,1256,3.837155449563173,1,140,3,4,0
college_168,2,44247,1,3,2,16772,3,41,269,73,5,523,1014,3.6893509024405455,0,171,1,1,2
college_169,9,48735,1,4,4,7635,2,64,275,90,8,353,1521,2.6689151077535636,0,110,2,1,1
college_170,3,46784,1,1,4,19790,2,4,285,73,7,486,762,3.472279795136224,0,188,4,6,0
college_171,6,32663,1,4,5,16070,2,45,266,93,8,372,1547,2.9669086349426683,1,109,4,4,1
college_172,9,54731,0,4,4,11826,4,22,320,71,5,436,1183,2.5781974760663813,0,155,3,7,0
college_173,7,39592,0,2,1,18488,4,79,308,97,5,210,873,3.665880552299852,1,154,3,8,1
college_174,9,28840,0,3,5,12348,2,27,266,68,8,362,1283,3.7776187894649027,1,141,1,1,1
college_175,5,22277,0,4,4,8319,2,22,323,72,6,679,909,2.1448689422683858,0,115,2,7,4
college_176,9,27330,1,1,5,18200,2,18,262,70,5,689,1214,2.2323768722433055,0,147,0,0,0
college_177,1,28253,1,2,5,9468,2,80,262,93,7,631,1385,2.170467933538101,0,148,4,4,1
college_178,7,47426,0,3,3,6432,1,66,330,84,7,474,1334,3.896677666382145,0,171,1,8,3
college_179,6,59450,0,3,2,15711,1,8,273,66,5,473,1027,2.1280433123177387,0,181,3,3,3
college_180,7,46913,1,2,4,19892,4,41,282,106,6,678,788,3.4671343972793194,0,197,1,0,0
college_181,6,36479,0,2,3,9366,3,30,301,80,7,215,992,3.055580201684715,0,168,4,1,4
college_182,6,44285,0,2,5,18300,4,74,309,72,6,723,1062,2.8414825611904,1,199,1,2,2
college_183,2,34980,0,4,4,6440,2,31,336,97,7,691,959,2.6193241106252803,0,117,0,5,0
college_184,9,36793,0,4,3,18573,3,69,338,63,8,687,937,3.2681947732089163,1,194,4,6,4
college_185,3,44049,1,2,1,17129,4,9,281,116,5,525,1129,2.924183553495133,1,130,2,0,0
college_186,5,20392,0,2,3,15590,3,87,283,106,5,302,1391,2.50927767323375,0,158,4,3,3
college_187,7,44313,0,4,5,18717,3,36,306,116,8,366,1313,3.450796128037463,0,157,3,1,1
college_188,4,28125,1,2,3,14015,4,1,271,106,7,775,1278,2.935590925431799,0,119,4,8,3
college_189,5,41029,1,1,3,14199,3,22,295,106,7,508,1146,3.336511036687735,1,173,3,7,2
college_190,4,58291,1,1,2,18153,2,65,339,104,8,421,455,2.7203982615715034,0,149,0,8,3
college_191,3,33417,0,4,2,12170,2,76,265,111,8,225,1069,3.153847640258513,0,188,0,7,1
college_192,1,24657,0,2,5,17011,3,54,273,82,7,679,1037,2.706815112277132,0,197,1,9,3
college_193,8,25121,0,1,5,19850,2,75,335,89,5,376,1001,3.2898867899225337,1,188,4,7,0
college_194,5,35150,1,2,4,18119,1,80,285,63,5,791,1525,3.5432470528101194,1,164,1,3,2
college_195,6,33632,0,4,5,9878,1,87,331,74,8,270,623,2.8399695456909253,1,190,1,3,2
college_196,5,55924,0,2,5,14508,4,47,324,78,8,501,1563,3.8049816182240903,0,189,2,1,2
college_197,1,31081,0,1,5,15075,3,12,291,61,7,753,816,2.0246994391768043,0,126,2,2,4
college_198,6,28112,1,3,4,6730,1,30,328,61,8,286,516,2.793925471257668,1,180,1,2,3
college_199,2,55570,0,1,3,12690,3,30,317,70,6,602,1235,3.873785030369582,0,113,4,7,0
college_200,7,44219,0,1,1,9233,3,77,293,116,8,679,749,2.6667192310663355,1,119,4,9,0
college_201,9,52832,1,3,4,5227,3,50,274,87,6,211,665,3.861206388178829,0,135,2,1,4
college_202,8,49217,1,4,5,5923,3,66,299,95,8,778,799,2.8941590493311766,0,196,3,8,1
college_203,6,44865,0,1,1,18531,2,89,288,67,7,269,1417,2.332527489442179,1,141,0,7,1
college_204,3,27196,1,2,1,10069,3,19,313,92,7,362,1376,2.645566842796119,1,142,4,9,3
college_205,8,44679,1,4,2,16807,3,45,321,78,6,570,719,3.3853998029791397,1,128,2,0,0
college_206,7,54827,0,2,5,18215,3,38,338,110,7,280,1585,2.680045913766837,1,119,4,7,4
college_207,5,56364,1,2,1,12464,1,40,268,76,5,213,531,3.9689255927133757,0,168,3,4,1
college_208,9,27175,0,1,3,18659,1,85,283,119,8,707,1084,3.7367803285843975,1,154,3,6,1
college_209,5,58123,0,4,5,10366,4,5,328,116,6,570,890,3.0367076641867947,0,143,0,2,4
college_210,5,51026,1,1,2,19049,3,88,339,81,7,482,792,3.5682382403511106,0,175,0,3,2
college_211,2,39456,0,3,4,17800,3,63,318,71,8,232,1466,3.7397502523201083,0,133,4,7,3
college_212,1,59139,1,4,4,8780,3,98,322,77,6,696,1286,2.0923937825761656,1,109,3,7,4
college_213,6,31672,1,1,5,5639,3,13,295,88,6,420,1520,3.567084008458889,0,151,0,5,0
college_214,5,45445,1,4,4,11020,2,20,285,62,7,209,457,2.7899390934794472,0,102,4,7,4
college_215,8,43058,1,1,4,14765,1,14,289,102,7,467,1153,2.222527148868773,1,125,2,7,4
college_216,6,21149,0,1,5,18898,3,42,291,111,7,790,1339,2.554248380163279,0,133,3,8,2
college_217,4,43734,1,2,2,14913,4,3,274,82,8,577,1130,2.1956969240802673,0,136,3,6,4
college_218,9,54675,1,2,3,10084,2,78,298,78,7,505,875,3.1889589843425816,0,193,1,6,4
college_219,1,48169,0,2,4,16521,1,83,270,93,7,587,1364,3.8720232863687816,0,169,4,4,0
college_220,1,24699,1,3,1,13684,4,65,325,63,8,726,1500,3.974980293298245,1,127,3,0,2
college_221,7,33470,1,2,2,10016,2,92,328,101,8,502,759,3.1251435750604997,1,160,1,1,1
college_222,7,46334,0,2,1,9768,4,8,261,78,8,258,1212,3.2026777341938377,1,187,4,6,3
college_223,1,42890,0,4,2,13264,3,65,266,100,5,482,1457,2.965009314027676,0,145,2,6,1
college_224,8,44814,1,1,3,9903,1,56,272,78,6,232,526,3.24687054897255,1,160,3,4,0
college_225,9,26805,1,3,5,12452,2,25,313,68,7,682,1196,2.9928135526172674,1,192,3,2,0
college_226,8,43837,1,4,1,18287,4,53,318,81,8,363,1013,2.706432677857702,0,115,0,6,2
college_227,6,34435,0,1,2,7462,4,31,277,73,6,432,802,2.642330074596749,1,123,0,4,1
college_228,2,39812,1,3,1,6799,2,14,324,93,8,697,1284,3.5567559042442594,1,113,2,1,4
college_229,5,22942,0,3,4,6124,1,42,287,116,7,532,1364,2.337770615832489,1,146,1,2,1
college_230,7,49231,1,3,3,17649,1,73,337,108,8,438,1000,3.022435948667664,1,194,3,1,4
college_231,4,46661,0,3,4,5845,2,3,290,75,7,441,1356,3.3142115122900924,0,146,2,4,1
college_232,2,38041,0,1,3,14344,4,22,263,91,6,697,788,2.3277681402534456,1,138,0,2,2
college_233,5,45334,0,2,4,16365,3,87,305,89,6,750,679,3.9698737642878053,0,146,0,5,4
college_234,8,48425,0,4,1,9506,1,94,337,61,7,292,1414,3.557073342849959,0,179,4,2,4
college_235,3,53832,1,3,1,16441,1,45,280,118,5,301,579,3.9381194402184345,1,100,1,9,1
college_236,5,29583,0,4,5,5538,4,19,296,83,5,246,1285,3.1483755372338758,1,188,4,4,1
college_237,6,36080,1,4,5,17980,2,35,270,101,8,534,1481,3.594924695875219,1,120,4,8,4
college_238,8,54220,0,2,2,5885,1,73,294,108,8,399,1284,2.7548476810726257,1,178,1,5,0
college_239,5,49864,0,1,4,6145,4,53,321,98,6,302,971,3.1747069754818695,0,145,3,1,2
college_240,2,37986,0,4,3,12565,2,76,333,106,6,717,518,3.1430798292508895,0,149,1,4,4
college_241,2,49173,1,3,5,17445,2,58,304,68,5,625,1581,3.4096097003343178,0,165,3,3,0
college_242,3,24637,0,1,5,8864,1,55,335,91,6,388,1185,3.2517786592814453,0,102,2,8,2
college_243,2,35017,0,3,1,11226,3,57,270,92,6,313,1066,2.801150635084781,0,108,2,0,0
college_244,7,27199,1,3,5,14250,1,81,316,67,8,287,1335,2.648510588526125,1,154,0,5,4
college_245,2,23969,1,2,4,13435,1,60,312,87,5,513,611,3.3108880293293668,0,105,2,0,2
college_246,5,35338,1,1,1,12419,2,29,298,71,5,584,1594,3.1346714860564413,0,115,2,3,1
college_247,5,37099,1,3,4,17140,2,97,281,118,6,462,658,2.720528192639574,0,154,2,5,2
college_248,8,23732,0,1,4,7608,1,14,269,112,7,274,523,2.6414807345069606,0,183,4,9,3
college_249,1,37426,1,2,3,11176,1,35,286,96,8,290,1198,2.92687314676593,0,152,0,7,3
college_250,7,40056,1,2,3,5161,2,41,322,113,8,778,741,3.96832628377959,1,161,3,0,3
college_251,8,23371,0,1,4,14547,4,45,286,73,6,390,1590,2.5919909392052958,0,162,0,8,3
college_252,2,20795,0,3,3,16855,3,4,279,66,8,790,1400,2.152622355791282,0,174,1,5,4
college_253,4,35410,1,1,3,5443,1,29,278,116,7,741,727,2.4746682577926964,0,108,3,6,1
college_254,6,45285,0,1,4,17984,4,53,291,82,6,600,1320,2.713883565050834,0,136,3,6,2
college_255,3,37212,1,2,1,16343,4,32,326,68,7,706,829,3.4056396753769427,1,105,2,8,2
college_256,5,42734,0,4,5,10182,1,2,297,86,6,509,870,2.022793598151752,1,118,2,4,1
college_257,7,54480,1,2,4,6171,3,51,310,82,7,237,592,3.4516936099601767,0,165,4,3,3
college_258,3,59872,0,1,3,14074,1,16,305,118,8,796,884,3.451594585056279,0,156,2,8,4
college_259,1,23802,1,2,4,12597,3,54,263,84,8,601,1141,3.765151138181669,0,194,0,3,0
college_260,7,44970,0,4,2,16317,4,16,327,101,7,636,1367,3.9825155961525596,0,152,4,3,1
college_261,7,33096,1,3,1,6877,1,44,289,95,6,407,646,3.9841082042312372,1,151,1,9,4
college_262,3,35802,1,3,4,9860,2,54,287,62,8,716,1018,2.688345490640588,0,105,0,9,2
college_263,5,59779,1,4,1,8909,4,81,270,91,8,322,643,3.448571717461868,0,181,3,6,1
college_264,1,24705,1,2,2,13041,3,66,269,98,8,733,925,2.543022198542137,0,199,4,9,0
college_265,4,46707,1,1,1,17020,1,86,278,77,8,640,1410,2.7123986629585985,1,123,4,9,0
college_266,4,46309,1,2,4,18983,3,52,298,66,5,426,925,3.189022876910858,0,107,2,9,0
college_267,4,51755,0,4,3,11968,3,37,327,67,8,349,1262,2.9251549064547406,0,190,1,2,4
college_268,7,26347,1,3,4,18547,3,18,305,110,5,709,966,3.936061605774764,1,115,2,2,4
college_269,1,29039,0,3,4,11370,1,75,338,67,7,228,914,3.698480118886543,1,197,3,6,4
college_270,3,36952,1,3,4,13295,2,49,308,115,7,495,433,3.6883781096691566,0,180,2,7,0
college_271,3,25043,0,3,2,18644,4,63,312,73,6,271,951,3.5893199971342042,1,162,0,0,1
college_272,2,57004,0,1,1,11753,3,74,294,75,8,203,702,3.2947021543968757,1,145,3,3,0
college_273,2,32530,1,1,2,18967,4,44,300,92,7,539,438,3.081169682140735,1,176,4,8,1
college_274,6,57141,0,2,5,19784,3,45,270,118,7,205,1516,2.404514446204662,0,165,4,7,3
college_275,6,25834,1,1,4,11940,2,8,285,97,8,755,784,3.127870051398296,1,187,1,8,0
college_276,5,36314,1,1,1,18183,3,30,289,84,5,760,1427,2.2698648567127333,1,165,1,9,3
college_277,5,25817,0,2,1,14052,1,90,310,100,7,386,1463,2.110461192678418,0,123,1,7,2
college_278,7,24706,1,1,1,5368,2,17,283,106,8,720,1148,2.36235684080916,1,124,4,3,3
college_279,5,57153,1,2,1,14670,1,51,285,107,6,403,1211,2.3217566644386025,0,128,2,9,3
college_280,9,43107,0,2,3,13800,2,15,267,105,7,641,1323,2.7104665026741817,0,114,3,7,4
college_281,4,47267,1,1,4,16509,4,20,300,105,5,267,1439,2.6978879629882035,1,137,4,5,4
college_282,3,30768,0,4,3,17799,4,96,316,80,6,348,594,2.8080776723337806,0,106,4,7,1
college_283,2,29676,0,1,5,10956,4,65,305,86,7,553,1432,3.895063415210222,1,112,4,1,4
college_284,3,51375,1,3,5,12425,3,20,295,60,6,237,934,3.2186954196200643,0,110,3,4,0
college_285,8,21629,1,3,2,12691,1,65,317,112,7,377,1224,3.7593167725653807,0,158,4,2,4
college_286,3,26111,1,4,2,6267,4,17,330,105,7,523,962,3.881566738342797,1,109,1,0,2
college_287,7,58888,1,4,1,6450,3,62,333,68,8,412,1200,2.022775389967639,0,115,4,8,0
college_288,4,26056,0,2,5,13037,2,82,301,93,6,542,1157,2.236657993094778,0,135,4,4,1
college_289,2,32213,1,3,5,10966,3,20,320,65,8,663,1296,3.6128325918361006,1,164,1,1,4
college_290,5,57375,0,2,4,9620,2,41,328,85,7,754,520,2.5520243142939503,1,104,3,7,3
college_291,2,58089,0,2,2,8791,1,62,282,65,6,334,403,3.71084719987985,1,183,3,6,4
college_292,6,46105,0,3,2,18798,4,89,284,75,6,335,618,3.9678067660899043,1,105,4,1,3
college_293,2,59123,1,1,4,9546,1,18,320,65,8,560,1182,2.7396420965694404,1,188,4,3,4
college_294,2,44931,1,3,4,5505,3,18,269,73,5,743,612,2.9944475698981545,1,123,0,0,2
college_295,4,26601,0,2,2,13281,2,8,299,116,8,339,1072,2.6732177214584825,1,125,1,4,4
college_296,2,54767,0,4,5,17606,3,96,335,104,5,394,1119,3.4084286652402405,1,117,3,8,0
college_297,9,28242,1,4,5,5122,2,33,292,66,7,616,1055,2.700619614948918,1,125,3,8,3
college_298,2,59348,0,1,2,10392,3,59,315,76,7,613,1471,3.0483595048852967,1,177,1,0,4
college_299,6,51949,1,1,2,7054,2,22,294,79,8,473,649,3.102662362186962,0,127,0,4,0
college_300,3,56358,1,3,2,6942,4,0,262,71,7,367,444,3.138174778642923,0,123,1,6,1
college_301,7,33270,0,2,1,17080,2,71,321,119,5,669,618,3.7628414930725915,1,110,1,7,2
college_302,8,25804,0,1,4,6032,1,55,282,87,8,361,1266,2.041040699175432,0,196,1,9,2
college_303,7,44594,1,3,5,6001,1,57,337,110,5,406,1465,2.0761383354099285,0,120,4,8,2
college_304,1,30755,0,4,1,16298,1,15,300,93,6,654,1478,2.9427712158455175,1,174,1,1,0
college_305,2,48923,0,2,3,19383,1,52,307,64,5,636,754,2.9253831026701382,1,157,0,3,2
college_306,8,29776,1,1,3,15283,2,94,284,98,8,620,440,2.463467859302234,1,140,4,7,3
college_307,8,32088,0,3,5,14911,2,69,307,119,7,740,1045,2.3484018232817125,0,174,3,8,0
college_308,8,24226,0,1,5,12537,4,66,309,94,7,249,736,3.6054964602494826,1,108,2,6,4
college_309,4,33390,1,2,4,12222,3,78,321,107,8,529,1176,2.497110423381462,0,144,0,5,2
college_310,8,28642,1,4,2,18310,1,97,260,109,5,441,1148,3.956922956442815,1,132,4,8,2
college_311,7,25630,1,4,5,15158,3,99,282,68,8,477,508,2.057987890397799,0,158,1,0,2
college_312,7,25593,0,4,1,8294,4,49,267,111,6,703,1541,3.420771557795302,1,195,4,6,1
college_313,2,38291,1,4,4,9697,3,35,284,84,7,764,1583,2.217213981661618,0,164,2,8,2
college_314,3,39263,0,1,3,8462,2,62,311,73,6,614,1223,2.482540687016232,0,158,0,1,1
college_315,3,20685,0,2,2,11113,1,72,323,82,7,496,824,3.2055842308723683,0,142,2,4,1
college_316,9,45528,0,3,3,8279,3,7,281,67,7,688,1318,3.9324825784377504,1,130,1,0,2
college_317,9,36605,1,2,4,10768,2,67,261,77,5,526,519,2.699063382605086,0,196,3,2,4
college_318,1,20909,1,4,2,17663,1,6,316,77,5,457,559,2.2398888778460417,0,171,4,4,3
college_319,3,48716,1,2,1,5975,3,41,297,78,6,531,686,3.4990183739465905,1,133,3,5,3
college_320,5,25613,1,4,1,9463,4,21,266,100,6,435,512,3.4003596683953683,1,182,4,3,4
college_321,9,33683,1,2,5,13454,1,26,320,89,8,598,604,2.82573315418432,1,156,3,9,0
college_322,7,22549,1,1,4,9897,1,59,315,70,8,417,1497,2.8694751179141385,1,146,0,2,2
college_323,9,31803,1,1,5,12774,3,24,325,101,5,424,787,2.2338600783048257,1,142,4,9,3
college_324,3,25019,0,2,1,15347,1,69,268,65,8,213,816,2.1633072503132915,0,133,4,8,3
college_325,2,34918,0,3,5,10378,4,84,313,89,6,330,752,2.4810340992285305,0,156,0,4,0
college_326,4,49014,1,2,2,7256,1,4,321,92,6,267,703,2.220496501262309,0,102,4,9,4
college_327,8,54108,1,1,4,18643,4,65,277,99,7,246,414,2.818833993581638,1,152,1,3,0
college_328,2,41096,0,1,3,11974,3,81,271,83,5,452,527,3.721590015454967,0,198,2,0,2
college_329,6,53593,0,2,1,5386,2,8,272,98,7,305,584,3.1181012676251916,0,162,4,4,4
college_330,2,35616,0,3,1,8305,4,67,285,95,7,740,1366,3.752288739811628,0,142,3,6,2
college_331,4,20000,0,4,1,7016,3,42,333,103,6,523,1355,3.1133975548870985,0,154,1,0,1
college_332,1,59834,1,1,1,7222,1,62,270,85,5,707,728,3.6477053290044665,0,164,2,3,3
college_333,9,34602,0,2,2,7443,3,91,303,113,7,316,1468,2.048136907092262,1,172,3,7,2
college_334,5,37542,0,2,4,19514,2,64,283,80,6,405,1504,2.5312591059974636,0,174,0,7,4
college_335,2,55864,0,2,2,19853,3,54,280,101,8,652,455,2.067595583798063,0,141,1,8,1
college_336,7,50250,0,1,1,13367,1,71,288,90,5,205,1149,3.6085846455613804,1,152,4,2,3
college_337,2,42994,0,3,2,15959,2,64,314,63,7,756,1515,3.817386050922934,1,154,4,3,3
college_338,3,26598,1,4,3,7215,1,99,304,83,7,332,410,2.72503576992311,1,153,3,1,1
college_339,6,42763,1,2,5,6133,3,51,333,67,7,663,625,2.5002979667070155,1,164,4,0,3
college_340,7,31733,0,4,4,15281,2,21,298,62,6,697,669,3.9773704084687296,0,107,1,8,0
college_341,3,27803,0,4,1,13279,3,65,268,66,5,563,783,3.5729721997777815,0,124,4,0,3
college_342,1,21126,0,4,4,7788,2,63,272,102,5,221,731,3.391683671349295,1,190,3,9,4
college_343,6,58167,1,4,3,12431,1,54,327,65,7,652,867,2.3385260867792534,0,176,1,8,3
college_344,4,44333,1,2,4,16057,1,63,299,69,5,414,444,3.572751811821699,1,110,1,1,2
college_345,9,44377,0,4,3,13732,2,92,338,90,7,513,753,2.4018603523124904,0,181,4,3,3
college_346,7,44449,1,2,1,13935,2,32,327,60,8,668,1358,2.4056260623274377,1,147,2,1,4
college_347,5,32223,1,2,1,15603,2,33,294,73,7,672,1590,3.124878792393162,1,109,1,7,0
college_348,9,49482,1,2,3,17071,4,30,265,61,5,275,498,2.204454335101146,1,119,3,0,2
college_349,8,38181,1,2,4,18894,2,7,262,119,5,770,495,3.4803925320420372,0,141,4,7,0
college_350,9,57452,0,1,2,19963,4,34,260,108,8,569,1366,3.618827923104978,1,108,1,9,1
college_351,1,40072,0,1,1,7469,2,72,294,67,5,613,1580,3.908041367829332,1,151,3,8,4
college_352,6,32312,1,2,3,7365,1,3,325,83,6,768,725,2.501352932473465,0,156,3,0,3
college_353,9,22014,0,2,1,12564,4,0,335,90,7,329,1428,2.8523242356937457,0,151,2,5,3
college_354,5,38864,1,2,3,11118,4,44,260,71,6,326,887,2.4839057208336297,0,112,1,7,0
college_355,5,31431,1,2,5,11035,3,84,318,60,5,325,1139,3.975824883055353,1,116,3,1,1
college_356,1,47199,1,3,5,10678,2,33,333,104,8,648,549,2.3462548692842815,1,199,3,8,1
college_357,8,29950,0,2,5,12751,2,27,299,113,7,653,1285,3.904914221896681,0,105,0,4,4
college_358,1,43716,1,4,1,7565,1,84,307,84,7,278,812,3.0548507535033425,1,119,1,6,1
college_359,3,41180,1,4,3,13862,1,53,319,111,6,370,784,2.0010692450976633,0,125,4,8,0
college_360,9,58099,0,2,5,5281,1,68,325,105,5,684,1230,2.4750885357585477,0,154,3,0,3
college_361,6,47396,1,3,5,18727,1,32,277,63,5,693,643,3.269593231167926,0,176,3,9,2
college_362,3,35930,1,3,4,14410,2,89,321,61,8,326,890,2.1196009215321343,0,135,3,7,3
college_363,9,58293,0,2,2,18350,1,77,313,100,5,799,403,3.2029657199331676,0,151,4,1,2
college_364,7,57028,0,3,2,15166,1,96,308,104,8,572,1271,2.4191074681830163,0,102,0,3,0
college_365,9,52360,1,3,1,6835,2,39,326,101,6,234,1089,2.5846854452501242,0,196,3,6,4
college_366,4,25343,1,3,1,10924,3,39,272,106,8,765,921,2.3358086200436032,1,192,2,2,3
college_367,8,56213,0,2,1,12309,1,71,326,94,6,368,463,2.1762082550110273,0,162,4,7,3
college_368,5,45792,0,3,4,8516,4,38,289,69,6,571,512,2.5250105254421094,0,184,3,3,1
college_369,8,21166,0,3,2,19756,1,10,318,111,7,538,1246,2.6594811930847246,0,128,1,4,0
college_370,2,45904,0,4,4,13252,2,43,288,83,5,464,1103,2.8748141434225847,0,121,3,4,4
college_371,4,23266,0,1,3,13528,2,34,288,114,5,614,1277,2.194160853110152,1,129,3,5,2
college_372,2,29306,1,1,3,6920,3,48,270,118,7,537,1257,2.877303541455436,1,128,2,5,4
college_373,3,46874,0,4,2,17432,1,68,315,68,5,675,1111,3.588823757242436,1,169,4,4,0
college_374,6,52130,0,2,4,16157,4,6,313,117,6,361,1147,3.0954480441432537,0,166,0,8,0
college_375,2,45732,0,1,4,16925,3,87,338,84,5,433,1312,3.9641490674881417,1,187,0,9,1
college_376,1,45700,1,3,4,6439,4,91,316,110,7,745,1136,2.406124407617228,1,100,2,4,0
college_377,5,30622,0,1,1,10186,3,35,267,76,5,202,1247,2.837456912338338,0,124,4,0,0
college_378,5,35149,0,1,2,15362,1,22,277,92,8,667,1266,2.617926711807816,0,101,1,3,2
college_379,6,40206,1,4,3,14283,4,89,318,67,5,476,1400,3.472104441896518,0,138,2,9,3
college_380,5,21451,0,3,2,14900,2,16,295,89,5,531,1314,3.2742010672863127,1,145,4,7,1
college_381,2,32209,1,3,3,18512,3,92,266,104,8,423,1583,2.2265650554106813,1,136,1,6,0
college_382,4,50026,0,1,4,10144,2,80,310,92,8,772,1453,2.7749602310655135,1,190,3,5,0
college_383,5,38782,1,1,5,7824,1,44,333,119,7,475,850,2.490892251624876,0,171,1,1,3
college_384,3,37156,1,1,5,16409,1,57,299,96,5,520,1005,2.783762876995613,1,162,2,9,0
college_385,5,47877,0,3,3,15724,2,96,306,69,6,458,1576,3.8031120861331495,1,199,1,9,4
college_386,2,32775,0,2,5,13772,1,48,295,98,5,425,548,3.365380940407877,0,124,3,7,2
college_387,1,30320,0,1,5,19952,2,95,303,112,7,500,1495,2.9113918069223805,0,159,1,5,4
college_388,6,47200,0,2,1,13414,1,87,263,70,6,704,806,3.856106574929332,0,120,4,0,4
college_389,7,50050,0,1,3,14918,1,47,313,91,8,288,1146,3.7713111716778864,1,170,0,8,4
college_390,7,53595,0,4,2,7013,1,97,326,68,7,511,877,3.5683688913755027,0,132,1,0,0
college_391,1,31177,0,1,5,13420,3,44,285,116,6,343,615,3.2901952509526065,0,134,4,0,2
college_392,5,20289,1,1,4,19729,1,99,271,81,8,331,457,3.481021923973774,1,192,3,6,2
college_393,2,59019,1,4,5,12064,3,15,328,106,8,308,440,2.3038281971716246,1,102,0,1,3
college_394,7,27397,0,2,3,13870,4,90,284,77,7,656,1287,3.3852658661497554,0,133,1,9,0
college_395,1,30844,0,2,1,5631,4,58,298,65,5,338,954,3.710890798115585,1,114,1,6,0
college_396,4,39740,1,3,5,8470,1,12,279,119,8,621,868,2.75172785904957,1,150,2,5,1
college_397,6,36100,1,4,1,13136,4,0,261,65,7,577,1494,2.5686562466757596,0,174,4,3,4
college_398,9,58163,1,1,2,7867,4,67,297,83,6,620,1162,2.4130533934667318,0,180,4,8,1
college_399,1,53143,0,3,2,10425,2,63,285,86,6,233,745,2.3518947344377166,1,192,3,2,2
college_400,2,53987,0,1,3,6756,1,18,290,91,8,778,1533,3.6783022643680265,1,184,1,8,2
college_401,7,56427,1,2,1,13797,4,74,270,94,7,649,1198,2.174614200139841,1,107,4,6,3
college_402,2,34104,1,3,5,16430,1,82,281,89,5,225,1151,3.6400675897922428,1,131,3,6,0
college_403,4,57423,0,1,1,17666,3,74,314,90,8,581,1342,3.840956764005063,0,170,2,6,2
college_404,9,20787,1,4,5,19624,1,49,335,80,7,502,789,3.6412932100076763,0,145,1,4,2
college_405,2,56238,1,1,1,5572,2,96,309,81,6,654,832,3.3444059335364886,0,134,0,7,1
college_406,9,34505,0,3,2,16439,3,54,326,89,7,354,1398,2.1517210702705656,0,192,0,6,4
college_407,3,32795,0,1,4,7919,1,76,281,67,8,344,1541,3.2980587649047566,0,174,3,4,3
college_408,9,38932,0,1,5,19069,3,56,262,107,6,366,1139,3.9489033107668243,1,123,4,1,2
college_409,4,43308,0,3,5,18114,2,97,282,68,8,283,763,3.358665150263385,0,186,4,8,0
college_410,5,46334,0,4,2,5795,2,44,297,85,8,720,1015,3.590109424949379,0,188,3,4,0
college_411,7,24551,0,1,4,12463,1,72,283,78,7,410,745,2.3986275001886197,1,193,2,0,4
college_412,2,48195,1,1,2,9943,1,6,266,70,7,333,643,3.2906496232404674,0,147,0,5,2
college_413,9,55566,0,1,3,5403,3,46,302,106,7,227,457,3.1948048438479213,1,125,0,6,2
college_414,2,25903,0,1,1,17774,3,48,322,109,8,327,1552,3.1237234144335924,1,100,0,9,2
college_415,8,57083,1,4,4,18651,2,14,335,86,5,766,1261,3.648341015930182,0,192,2,3,4
college_416,3,38674,0,4,2,7888,4,23,274,102,8,607,879,2.344129677901065,1,182,2,9,0
college_417,3,52658,0,1,5,13017,1,67,339,118,5,302,1545,2.9979521667848155,1,109,2,0,3
college_418,6,22473,1,4,2,10408,1,74,266,106,5,310,589,3.633313116648141,1,181,1,9,2
college_419,1,52047,0,3,4,6374,1,97,275,118,8,799,1046,3.7233101411147382,0,157,3,9,3
college_420,6,26752,1,1,4,5637,1,26,283,95,6,653,1257,2.034217833724848,0,102,3,8,1
college_421,8,24018,1,4,4,17672,2,97,261,102,6,481,1526,3.385654102758783,0,132,2,6,0
college_422,4,22444,0,1,1,11866,2,75,295,108,8,385,730,2.211514455780766,0,156,3,7,3
college_423,7,56449,0,4,1,9972,2,86,301,105,6,712,835,3.9968599224169585,0,118,0,7,3
college_424,7,39456,1,2,5,7466,3,94,282,89,5,626,1510,2.3061122953542066,1,109,3,8,1
college_425,9,54811,1,1,2,5213,1,70,278,102,8,403,583,3.2232210773304435,0,143,1,1,0
college_426,6,54857,1,4,5,9959,2,34,332,87,5,622,528,2.9850136427525817,0,192,1,9,0
college_427,2,28176,1,4,4,15643,2,12,283,106,8,792,909,3.4628665036436965,1,126,1,6,0
college_428,9,32224,1,2,5,13298,2,57,334,71,5,531,1105,3.8367789543243953,1,160,0,1,0
college_429,7,50498,1,2,2,14758,4,10,262,87,6,327,812,3.4375951507450897,1,112,1,2,2
college_430,9,52023,1,3,4,18327,3,29,330,105,6,319,444,3.523571665376874,0,178,3,7,2
college_431,6,41826,0,4,5,5101,3,81,271,62,5,403,982,2.7563440505480044,1,186,0,7,1
college_432,5,29672,1,2,3,5216,1,48,323,94,7,487,701,3.22773381140726,0,197,0,6,2
college_433,2,43511,1,1,3,15645,3,75,317,98,7,300,1031,2.6685607539966103,1,158,0,1,3
college_434,6,56530,0,3,5,5361,3,45,320,114,7,237,617,2.62545930931216,0,140,2,8,1
college_435,1,58318,0,1,3,7307,1,29,316,90,6,370,459,2.634562183358935,1,183,3,6,3
college_436,2,58221,1,4,3,7589,4,97,299,66,5,218,1137,3.395307394571871,1,131,4,8,1
college_437,4,24738,1,4,3,12923,3,8,289,88,8,515,793,2.738926869359511,0,132,0,5,2
college_438,5,24611,0,4,1,15810,1,33,306,85,6,686,1246,2.1993407380919705,1,103,1,9,3
college_439,1,20646,1,1,4,14729,3,55,262,101,5,270,891,2.229415852182881,0,116,4,5,3
college_440,3,43946,0,2,4,15665,1,7,303,72,7,710,1559,3.2314927277240835,0,102,3,7,2
college_441,7,56686,1,1,5,12025,3,12,314,119,8,713,668,3.688051679729159,1,126,2,7,4
college_442,4,35695,0,2,1,6048,3,12,271,78,7,756,730,3.4265386664857544,0,158,3,2,4
college_443,3,26477,0,4,5,16568,3,83,277,79,5,544,1537,2.7263035031567333,1,184,4,6,4
college_444,2,32370,1,2,5,8033,3,71,265,93,7,304,1493,2.0980779852137514,1,108,0,7,3
college_445,9,37249,0,2,4,11576,3,17,339,114,5,231,1142,2.107188909527118,1,161,3,8,3
college_446,2,57900,0,4,2,6808,3,3,330,111,8,558,1285,3.922512420030422,1,126,1,4,3
college_447,3,43740,0,4,3,11179,2,83,265,63,5,612,647,2.4608287966731557,1,192,3,8,4
college_448,2,59678,1,3,5,15978,2,8,335,71,8,753,1201,3.7605057313485917,0,120,3,7,0
college_449,9,41578,0,1,1,18657,3,98,298,77,6,797,1442,3.423270818573143,0,197,4,2,0
college_450,7,21232,0,4,4,15892,3,85,291,101,8,768,960,3.5320043044794387,0,117,2,9,1
college_451,6,39097,0,1,5,14094,4,41,331,116,5,636,466,2.6687040115658722,0,167,2,9,2
college_452,9,28726,1,1,1,19605,1,38,302,105,8,548,1499,3.0125151512147035,1,176,4,2,0
college_453,9,20379,0,3,1,14492,2,65,275,92,5,529,495,3.776371699012837,1,126,0,1,1
college_454,3,27344,1,3,2,11034,4,5,260,69,8,338,611,2.687665683581267,0,117,2,0,2
college_455,3,24455,0,2,2,8478,4,0,271,76,5,557,866,2.6775647501411832,0,152,3,1,1
college_456,1,27446,0,4,5,15525,4,14,305,84,7,399,1300,3.6803170024393435,1,107,0,3,1
college_457,7,37782,1,1,2,14447,3,42,274,83,6,566,884,3.5918136928135684,1,147,4,7,0
college_458,3,32291,0,1,2,13674,1,66,324,91,8,475,1280,2.903841394658559,1,104,0,8,0
college_459,4,36874,1,3,2,19390,4,40,308,93,8,565,1066,3.3447590856484775,1,101,2,3,0
college_460,8,54079,1,1,5,17219,3,73,336,69,6,547,1167,2.6487567310171274,0,142,1,5,1
college_461,5,55554,0,4,4,12069,1,4,262,65,7,308,1275,3.085300658837474,1,149,3,8,3
college_462,6,42593,1,1,4,8365,2,38,294,76,8,453,1003,2.8902612668664514,0,132,1,4,4
college_463,9,57370,0,4,1,19807,1,32,276,92,7,249,1281,3.9380399257918324,0,158,3,1,3
college_464,6,58503,0,1,1,10556,1,21,318,79,6,492,912,3.9195197423015236,0,154,4,5,3
college_465,1,35968,1,1,3,18380,2,34,315,74,8,333,975,2.7303004471299603,0,118,4,2,3
college_466,7,20358,1,3,4,13730,2,56,296,105,8,706,595,3.5126095347669297,1,157,1,6,1
college_467,6,38459,0,3,4,16902,1,53,278,92,8,254,1422,2.0739715532597947,1,162,2,0,4
college_468,5,56699,0,2,4,16368,2,26,270,105,6,595,641,2.9563055772833637,1,198,0,8,4
college_469,6,21725,1,2,5,16778,1,83,326,66,7,430,513,3.6085654445587783,1,162,2,4,3
college_470,8,39933,1,1,2,11190,1,56,334,75,6,686,635,2.5299488380788464,0,149,3,9,1
college_471,7,32195,1,4,1,16906,1,75,311,86,8,215,673,2.9095070349317798,1,163,3,8,3
college_472,1,27622,0,2,2,13717,3,18,284,64,7,637,1537,3.818351261652562,1,165,3,0,3
college_473,5,41873,1,4,5,13882,4,18,319,86,6,675,647,2.0236381077354544,0,192,1,6,0
college_474,8,57072,1,2,4,18603,4,37,307,77,6,368,1296,3.3401412126713392,1,178,1,0,3
college_475,5,54470,0,3,2,18798,3,74,295,98,8,251,596,3.6446216298582645,0,135,0,9,1
college_476,4,28469,0,4,3,14730,3,5,328,97,6,217,884,3.3281167670938263,0,147,0,4,1
college_477,1,53736,1,1,2,14355,2,38,279,98,5,395,906,3.194940736271559,0,187,2,3,4
college_478,8,47415,1,4,3,5537,2,83,336,94,8,431,1121,3.0491340469598063,0,131,2,7,0
college_479,5,39038,0,4,3,13144,4,18,308,109,5,602,1242,3.259243465393288,0,173,0,3,0
college_480,1,28016,1,1,5,12534,2,57,267,80,6,244,744,2.321301847241074,0,162,0,8,2
college_481,2,32997,1,2,1,6044,4,8,328,98,5,679,1501,3.876611543322263,0,132,4,7,2
college_482,1,21803,1,1,4,6726,3,17,295,114,8,691,967,3.080402883103417,1,177,1,1,1
college_483,2,55333,0,1,3,8192,4,46,313,105,7,785,943,3.218288161382702,0,138,2,1,2
college_484,7,24635,0,1,5,8120,3,46,286,69,6,490,1073,2.6365488797339673,1,115,4,3,0
college_485,5,22966,0,4,2,13806,3,9,266,103,5,214,1063,3.3085547171920893,0,112,1,6,1
college_486,6,32909,1,3,1,12916,2,88,275,116,6,452,632,2.3840846500584303,0,179,1,1,4
college_487,6,24871,0,4,1,11363,1,38,294,96,7,576,1312,2.33009321820594,0,142,3,3,4
college_488,8,20942,1,1,4,7326,1,91,311,111,6,277,1220,3.745343313000495,0,113,1,2,4
college_489,3,30658,0,3,1,11188,2,50,298,84,6,763,522,2.8136355731340927,1,113,0,0,0
college_490,5,54186,1,1,4,19339,1,17,323,117,7,255,1402,3.223252104735534,0,149,3,2,3
college_491,6,29334,0,2,2,15580,2,30,267,75,5,392,418,2.3188886980377017,0,127,0,3,2
college_492,3,58489,0,3,3,11171,1,86,300,76,5,642,956,3.276965157055915,1,196,2,7,2
college_493,7,21003,0,2,4,13324,1,49,318,100,5,476,1591,2.992133801125295,0,134,3,0,2
college_494,4,44484,0,1,2,9058,4,60,309,91,7,276,673,2.0198072837578716,1,141,0,5,1
college_495,3,40327,1,3,3,8223,3,57,339,104,5,218,829,2.633876564452728,1,159,4,3,0
college_496,2,25084,1,1,4,7535,4,38,307,102,6,635,586,3.331302745548233,0,175,1,1,4
college_497,8,41273,1,1,1,15398,1,85,286,72,8,464,1361,3.050454070147302,1,157,1,5,3
college_498,9,59737,1,1,4,16802,2,12,319,90,8,618,758,3.382256687160486,0,138,2,6,0
college_499,6,27043,1,4,2,10915,4,34,334,63,7,456,884,3.5060372193539733,0,142,2,9,0
college_500,2,39427,0,2,4,14265,3,79,338,69,5,748,1203,2.3492366298714042,1,192,1,9,1
college_501,3,49068,0,2,2,14319,1,35,272,105,6,365,1330,3.9025177128738866,1,112,0,9,4
college_502,2,48395,1,2,3,6794,4,95,298,113,6,337,816,3.2052993975491013,1,143,0,8,1
college_503,3,58430,1,2,5,14179,4,63,260,69,5,796,1208,3.7257323026749454,1,192,0,8,0
college_504,3,51033,0,1,3,12516,4,29,331,74,6,213,963,3.0262391121402406,0,110,3,0,0
college_505,6,49179,1,1,5,11528,2,84,314,75,8,680,695,3.6254637924674147,0,182,0,6,1
college_506,6,37290,1,2,2,12452,3,94,311,111,5,782,1164,2.664950811799432,1,139,0,1,3
college_507,7,21069,1,4,3,14334,1,47,323,83,8,416,1599,2.737872222410174,1,145,2,3,0
college_508,9,54338,1,4,2,6502,2,81,317,116,5,539,908,2.5703472483532304,0,191,0,1,2
college_509,2,52163,1,1,4,7006,1,17,262,106,5,539,1219,3.5637779700496646,0,119,1,3,0
college_510,8,56707,0,3,4,6227,4,62,326,90,7,204,1423,3.0359665650919117,1,147,3,9,0
college_511,8,49539,1,1,3,11174,2,25,292,116,5,741,954,2.300960936830501,0,126,3,4,4
college_512,3,28807,1,1,2,15715,3,95,298,85,5,592,860,2.8228894586664532,1,120,3,7,1
